{"initial_reset_timestamp": 389527.075550875, "timestamps": [389535.994538474, 389540.977217725, 389541.109219049, 389541.127412856, 389541.145225288, 389541.162117921, 389541.18019046, 389541.198059155, 389546.007398236, 389546.130953902, 389546.148245638, 389546.165189709, 389546.183257165, 389546.2008036, 389546.218272169, 389546.235528122, 389546.253602671, 389546.270645457, 389546.288310131, 389546.305577042, 389546.32303094, 389546.340860507, 389546.357746772, 389546.376410622, 389546.395718386, 389546.4140539, 389546.431367624, 389551.126322705, 389551.253103305, 389551.272777207, 389551.29234044, 389551.312028588, 389551.331654699, 389551.350978165, 389551.37156422, 389551.392703929, 389551.413086038, 389551.434610876, 389551.454374016, 389551.47609213, 389551.496606146, 389551.516516561, 389551.537779169, 389551.557042981, 389551.578163408, 389551.599325626, 389551.62116736, 389551.640622165, 389551.658813629, 389551.676682739, 389551.694811445, 389551.712598711, 389551.730546915, 389551.74859123, 389551.766475467, 389551.784658483, 389551.802107162, 389551.820481548, 389551.838020446, 389551.856384668, 389551.874728878, 389551.893128134, 389551.911956502, 389551.929669405, 389556.787376632, 389556.929462165, 389556.958018753, 389556.982712916, 389557.006936883, 389557.030026727, 389557.057137157, 389557.083449543, 389557.106963418, 389557.130988056, 389557.155355683, 389557.175307836, 389557.194182859, 389557.213029843, 389557.230880317, 389557.249223475, 389557.267344516, 389557.28833955, 389557.307866059, 389557.327132908, 389557.345283922, 389557.362942017, 389557.381817699, 389557.400646409, 389557.418726108, 389557.436696441, 389557.454479381, 389557.471834875, 389557.489167766, 389557.506701036, 389557.525384091, 389557.544251834, 389557.562372748, 389557.580386712, 389557.598687103, 389557.616628602], "episode_lengths": [200, 200, 200, 200, 200, 200, 200, 200, 200, 200, 200, 200, 200, 200, 200, 200, 200, 200, 200, 200, 200, 200, 200, 200, 200, 200, 200, 200, 200, 200, 200, 200, 200, 200, 200, 200, 200, 200, 200, 200, 200, 200, 200, 200, 200, 200, 200, 200, 200, 200, 200, 200, 200, 200, 200, 200, 200, 200, 200, 200, 200, 200, 200, 200, 200, 200, 200, 200, 200, 200, 200, 200, 200, 200, 200, 200, 200, 200, 200, 200, 200, 200, 200, 200, 200, 200, 200, 200, 200, 200, 200, 200, 200, 200, 200, 200, 200, 200, 200, 200], "episode_rewards": [200.0, 200.0, 200.0, 200.0, 200.0, 200.0, 200.0, 200.0, 200.0, 200.0, 200.0, 200.0, 200.0, 200.0, 200.0, 200.0, 200.0, 200.0, 200.0, 200.0, 200.0, 200.0, 200.0, 200.0, 200.0, 200.0, 200.0, 200.0, 200.0, 200.0, 200.0, 200.0, 200.0, 200.0, 200.0, 200.0, 200.0, 200.0, 200.0, 200.0, 200.0, 200.0, 200.0, 200.0, 200.0, 200.0, 200.0, 200.0, 200.0, 200.0, 200.0, 200.0, 200.0, 200.0, 200.0, 200.0, 200.0, 200.0, 200.0, 200.0, 200.0, 200.0, 200.0, 200.0, 200.0, 200.0, 200.0, 200.0, 200.0, 200.0, 200.0, 200.0, 200.0, 200.0, 200.0, 200.0, 200.0, 200.0, 200.0, 200.0, 200.0, 200.0, 200.0, 200.0, 200.0, 200.0, 200.0, 200.0, 200.0, 200.0, 200.0, 200.0, 200.0, 200.0, 200.0, 200.0, 200.0, 200.0, 200.0, 200.0], "episode_types": ["t", "t", "t", "t", "t", "t", "t", "t", "t", "t", "t", "t", "t", "t", "t", "t", "t", "t", "t", "t", "t", "t", "t", "t", "t", "t", "t", "t", "t", "t", "t", "t", "t", "t", "t", "t", "t", "t", "t", "t", "t", "t", "t", "t", "t", "t", "t", "t", "t", "t", "t", "t", "t", "t", "t", "t", "t", "t", "t", "t", "t", "t", "t", "t", "t", "t", "t", "t", "t", "t", "t", "t", "t", "t", "t", "t", "t", "t", "t", "t", "t", "t", "t", "t", "t", "t", "t", "t", "t", "t", "t", "t", "t", "t", "t", "t", "t", "t", "t", "t"]}