{"initial_reset_timestamp": 1651913882.754552, "timestamps": [1651913885.0914898, 1651913887.496671, 1651913888.7259064, 1651913889.4405534, 1651913889.65675, 1651913891.5444613, 1651913893.9016, 1651913895.0836713, 1651913895.910421, 1651913896.1386287, 1651913898.0553665, 1651913900.2343419, 1651913901.3893898, 1651913902.0940285, 1651913902.3112257, 1651913904.2039418, 1651913906.3819177, 1651913907.5619879, 1651913908.2656262, 1651913908.5028408, 1651913910.403564, 1651913912.561522, 1651913913.7455943, 1651913914.4552383, 1651913914.686448, 1651913916.6021857, 1651913918.8201966, 1651913920.1383932, 1651913920.8700554, 1651913921.107271, 1651913922.9939818, 1651913925.1859694, 1651913926.3680415, 1651913927.096702, 1651913927.3189044, 1651913929.189601, 1651913931.3815887, 1651913932.53063, 1651913933.240274, 1651913933.466479, 1651913935.3561926, 1651913937.5581892, 1651913938.7542746, 1651913939.4949462, 1651913939.724154, 1651913941.6909375, 1651913943.900942, 1651913945.1170444, 1651913945.8487086, 1651913946.0899274], "episode_lengths": [369, 434, 233, 140, 44, 369, 434, 233, 140, 44, 369, 434, 233, 140, 44, 369, 434, 233, 140, 44, 369, 434, 233, 140, 44, 369, 434, 233, 140, 44, 369, 434, 233, 140, 44, 369, 434, 233, 140, 44, 369, 434, 233, 140, 44, 369, 434, 233, 140, 44], "episode_rewards": [10.0, 12.0, 6.0, 3.0, 1.0, 10.0, 12.0, 6.0, 3.0, 1.0, 10.0, 12.0, 6.0, 3.0, 1.0, 10.0, 12.0, 6.0, 3.0, 1.0, 10.0, 12.0, 6.0, 3.0, 1.0, 10.0, 12.0, 6.0, 3.0, 1.0, 10.0, 12.0, 6.0, 3.0, 1.0, 10.0, 12.0, 6.0, 3.0, 1.0, 10.0, 12.0, 6.0, 3.0, 1.0, 10.0, 12.0, 6.0, 3.0, 1.0], "episode_types": ["t", "t", "t", "t", "t", "t", "t", "t", "t", "t", "t", "t", "t", "t", "t", "t", "t", "t", "t", "t", "t", "t", "t", "t", "t", "t", "t", "t", "t", "t", "t", "t", "t", "t", "t", "t", "t", "t", "t", "t", "t", "t", "t", "t", "t", "t", "t", "t", "t", "t"]}