{"initial_reset_timestamp": 1652648496.8771524, "timestamps": [1652648498.747961, 1652648499.3545024, 1652648499.3955383, 1652648499.4185588, 1652648499.4445822, 1652648499.4716067, 1652648499.497631, 1652648499.524655, 1652648500.8213592, 1652648500.8623896, 1652648500.8884132, 1652648500.9144368, 1652648500.9414613, 1652648500.967485, 1652648500.9935105, 1652648501.0205343, 1652648501.0465567, 1652648501.0725808, 1652648501.098604, 1652648501.1256292, 1652648501.1526532, 1652648501.1796777, 1652648501.205702, 1652648501.231726, 1652648501.2587497, 1652648501.285775, 1652648501.3127987, 1652648502.591572, 1652648502.63361, 1652648502.6606343, 1652648502.6866581, 1652648502.7126815, 1652648502.7387059, 1652648502.764729, 1652648502.791754, 1652648502.8177772, 1652648502.8438008, 1652648502.8698244, 1652648502.8968494, 1652648502.9228733, 1652648502.948896, 1652648502.9749198, 1652648503.001945, 1652648503.027968, 1652648503.0549924, 1652648503.0820174, 1652648503.1090417, 1652648503.137067, 1652648503.1640916, 1652648503.191116, 1652648503.218141, 1652648503.2451658, 1652648503.2721906, 1652648503.2992153, 1652648503.3262396, 1652648503.354265, 1652648503.3802886, 1652648503.4083145, 1652648503.4353406, 1652648503.4623687, 1652648503.4833891, 1652648503.509417, 1652648503.5354521, 1652648503.5614688, 1652648504.8661897, 1652648504.9072278, 1652648504.9332511, 1652648504.9602752, 1652648504.987299, 1652648505.0153246, 1652648505.0433502, 1652648505.0713754, 1652648505.0994017, 1652648505.1284277, 1652648505.1564534, 1652648505.1834779, 1652648505.211504, 1652648505.2395287, 1652648505.266554, 1652648505.2945797, 1652648505.3226047, 1652648505.3516316, 1652648505.3796568, 1652648505.4076824, 1652648505.4357078, 1652648505.463733, 1652648505.4917579, 1652648505.5197835, 1652648505.5468078, 1652648505.5728323, 1652648505.5998561, 1652648505.6258798, 1652648505.6519034, 1652648505.6779275, 1652648505.703951, 1652648505.7299745, 1652648505.7559984, 1652648505.7820213, 1652648505.8080454, 1652648505.8340688], "episode_lengths": [200, 88, 200, 169, 200, 200, 200, 200, 200, 200, 200, 200, 200, 200, 200, 200, 200, 200, 200, 200, 200, 200, 200, 200, 200, 200, 200, 200, 200, 200, 200, 200, 200, 200, 200, 200, 200, 200, 200, 200, 200, 200, 200, 200, 200, 200, 200, 200, 200, 200, 200, 200, 200, 200, 200, 200, 200, 200, 200, 200, 151, 200, 200, 200, 200, 200, 190, 200, 200, 200, 200, 200, 200, 200, 200, 200, 200, 200, 200, 200, 200, 200, 200, 200, 200, 200, 200, 200, 200, 200, 200, 200, 200, 200, 200, 200, 200, 200, 200, 200], "episode_rewards": [200.0, 88.0, 200.0, 169.0, 200.0, 200.0, 200.0, 200.0, 200.0, 200.0, 200.0, 200.0, 200.0, 200.0, 200.0, 200.0, 200.0, 200.0, 200.0, 200.0, 200.0, 200.0, 200.0, 200.0, 200.0, 200.0, 200.0, 200.0, 200.0, 200.0, 200.0, 200.0, 200.0, 200.0, 200.0, 200.0, 200.0, 200.0, 200.0, 200.0, 200.0, 200.0, 200.0, 200.0, 200.0, 200.0, 200.0, 200.0, 200.0, 200.0, 200.0, 200.0, 200.0, 200.0, 200.0, 200.0, 200.0, 200.0, 200.0, 200.0, 151.0, 200.0, 200.0, 200.0, 200.0, 200.0, 190.0, 200.0, 200.0, 200.0, 200.0, 200.0, 200.0, 200.0, 200.0, 200.0, 200.0, 200.0, 200.0, 200.0, 200.0, 200.0, 200.0, 200.0, 200.0, 200.0, 200.0, 200.0, 200.0, 200.0, 200.0, 200.0, 200.0, 200.0, 200.0, 200.0, 200.0, 200.0, 200.0, 200.0], "episode_types": ["t", "t", "t", "t", "t", "t", "t", "t", "t", "t", "t", "t", "t", "t", "t", "t", "t", "t", "t", "t", "t", "t", "t", "t", "t", "t", "t", "t", "t", "t", "t", "t", "t", "t", "t", "t", "t", "t", "t", "t", "t", "t", "t", "t", "t", "t", "t", "t", "t", "t", "t", "t", "t", "t", "t", "t", "t", "t", "t", "t", "t", "t", "t", "t", "t", "t", "t", "t", "t", "t", "t", "t", "t", "t", "t", "t", "t", "t", "t", "t", "t", "t", "t", "t", "t", "t", "t", "t", "t", "t", "t", "t", "t", "t", "t", "t", "t", "t", "t", "t"]}