{"initial_reset_timestamp": 1652693542.424712, "timestamps": [1652693551.3841054, 1652693559.0761375, 1652693565.7567406, 1652693572.7919369, 1652693582.3090973, 1652693589.938734, 1652693595.950443, 1652693603.6726005, 1652693614.9295232, 1652693623.422645, 1652693630.1300595, 1652693636.599745, 1652693642.644055, 1652693650.4364324, 1652693660.5857282, 1652693666.0497792, 1652693674.1321175, 1652693681.8565571, 1652693691.5585299, 1652693699.0343535], "episode_lengths": [2238, 1926, 1860, 1958, 2644, 2132, 1660, 2135, 2766, 2149, 1686, 1634, 1526, 1960, 2550, 1389, 2110, 1932, 2459, 1877], "episode_rewards": [9200.0, 9400.0, 5600.0, 6200.0, 11000.0, 8600.0, 6600.0, 9400.0, 9200.0, 9400.0, 5600.0, 5000.0, 4200.0, 7600.0, 7600.0, 4000.0, 6400.0, 8000.0, 8200.0, 7000.0], "episode_types": ["t", "t", "t", "t", "t", "t", "t", "t", "t", "t", "t", "t", "t", "t", "t", "t", "t", "t", "t", "t"]}